{
  "format_version": "1.8.0",
  "animations": {
    "animation.void_arm.idle": {
      "loop": true,
      "animation_length": 2,
      "bones": {
        "base": {
          "rotation": [0, 25, 0]
        },
        "Arm": {
          "rotation": [12.42377, -3.50374, 26.10851]
        },
        "ArmSegment2": {
          "rotation": [88.91905, -64.31806, 33.15933]
        },
        "HandBase": {
          "rotation": [-54.31244, -45.56891, -25.21098]
        },
        "Hseg2": {
          "rotation": [25, 0, 0]
        },
        "FBase3": {
          "rotation": {
            "0.0": [-30, 0, 10],
            "0.5": [-50, 0, 10],
            "0.75": [-22.5, 0, 10],
            "1.25": [-30, 0, 10]
          }
        },
        "Fbase2": {
          "rotation": {
            "0.0": [-35, 0, 0],
            "0.25": [-35, 0, 0],
            "0.75": [-52.5, 0, 0],
            "1.0": [-18.06, 0, 0],
            "1.5": [-35, 0, 0]
          }
        },
        "FBase1": {
          "rotation": {
            "0.0": [-27.5, 0, -15],
            "0.5": [-27.5, 0, -15],
            "1.0": [-47.5, 0, -15],
            "1.2917": [-9.58333, 0, -15],
            "1.75": [-27.5, 0, -15]
          }
        },
        "FBaseT": {
          "rotation": {
            "0.0": [-12.5, 0, -37.5],
            "0.5": [-2.5, 0, -37.5],
            "0.75": [2.61516, -0.7509, -46.21873],
            "1.0": [0.23032, -1.50179, -54.93745],
            "1.25": [-9.60411, -2.34363, -59.86889],
            "1.5": [-19.76968, -1.50179, -54.93745],
            "1.75": [-23.63484, -0.7509, -46.21873],
            "2.0": [-12.5, 0, -37.5]
          }
        },
        "boneT": {
          "rotation": {
            "0.0": [62.5, 0, 0],
            "0.5": [40, 0, 0],
            "0.75": [28.75, 0, 0],
            "1.0": [27.5, 0, 0],
            "1.25": [47.5, 0, 0],
            "1.5": [77.5, 0, 0],
            "1.75": [77.5, 0, 0],
            "2.0": [62.5, 0, 0]
          }
        },
        "bone1": {
          "rotation": {
            "0.0": [45, 0, 0],
            "0.5": [45, 0, 0],
            "0.75": [60, 0, 0],
            "1.0": [35, 0, 0],
            "1.25": [20, 0, 0],
            "1.75": [45, 0, 0]
          }
        },
        "bone2": {
          "rotation": {
            "0.0": [57.5, 0, 0],
            "0.25": [57.5, 0, 0],
            "0.5": [42.5, 0, 0],
            "0.75": [24, 0, 0],
            "1.0": [20.22, 0, 0],
            "1.5": [57.5, 0, 0]
          }
        },
        "bone3": {
          "rotation": {
            "0.0": [42.5, 0, 0],
            "0.25": [51.79, 0, 0],
            "0.5": [35, 0, 0],
            "0.75": [26.5, 0, 0],
            "1.25": [42.5, 0, 0]
          }
        }
      }
    },
    "animation.void_arm.walk": {
      "loop": true,
      "animation_length": 3,
      "bones": {
        "base": {
          "rotation": {
            "0.0": [0, 25, 0],
            "3.0": [0, 25, 0]
          }
        },
        "Arm": {
          "rotation": {
            "0.0": [12.42377, -3.50374, 26.10851],
            "0.5": [7.19106, -10.21908, 22.92792],
            "0.6667": [10.22226, -10.2078, 17.07711],
            "1.25": [62.03845, -25.54653, 40.04198],
            "3.0": [12.42377, -3.50374, 26.10851]
          }
        },
        "ArmSegment2": {
          "rotation": {
            "0.0": [88.91905, -64.31806, 33.15933],
            "0.25": [90.01803, -55.69367, 23.88674],
            "0.6667": [39.57021, -44.87537, 35.86475],
            "0.875": [28.67441, -16.97288, 16.35608],
            "1.25": [15.00646, -3.10352, 19.19903],
            "1.375": [22.69937, -6.48986, 24.02236],
            "3.0": [88.91905, -64.31806, 33.15933]
          }
        },
        "HandBase": {
          "rotation": {
            "0.0": [-46.25284, -41.20678, -33.47407],
            "0.2083": [-45.94034, -41.20678, -33.47407],
            "0.3333": [-13.75284, -41.20678, -33.47407],
            "0.5": [39.21591, -41.20678, -33.47407],
            "0.875": [-19.28579, -25.8682, -14.86799],
            "1.125": [-34.95838, -27.67274, -17.05694],
            "1.5417": [-31.87386, -38.39117, -12.95967],
            "3.0": [-46.25284, -41.20678, -33.47407]
          }
        },
        "Hseg2": {
          "rotation": {
            "0.0": [25, 0, 0],
            "0.3333": [20, 0, 0],
            "0.5": [15.31, 0, 0],
            "3.0": [25, 0, 0]
          }
        },
        "FBase3": {
          "rotation": {
            "0.0": [-30, 0, 10],
            "0.3333": [-27.5, 0, 10],
            "0.5": [-7.5, 0, 10],
            "1.2083": [-53.875, 0, 10],
            "1.5": [-9.98837, 0, 10],
            "3.0": [-30, 0, 10]
          }
        },
        "Fbase2": {
          "rotation": {
            "0.0": [-35, 0, 0],
            "0.3333": [-29.17, 0, 0],
            "0.5": [-22.5, 0, 0],
            "1.2083": [-58.54, 0, 0],
            "1.5": [-12.21, 0, 0],
            "3.0": [-35, 0, 0]
          }
        },
        "FBase1": {
          "rotation": {
            "0.0": [-27.5, 0, -15],
            "0.3333": [-25, 0, -15],
            "1.2083": [-65.82031, 0, -15],
            "1.5": [-12.08212, 0, -15],
            "3.0": [-27.5, 0, -15]
          }
        },
        "FBaseT": {
          "rotation": {
            "0.0": [-12.5, 0, -37.5],
            "0.3333": [5, 0, -37.5],
            "0.5": [22.01045, -16.34942, -34.23937],
            "1.2083": [-5.26751, -11.71709, -35.16322],
            "3.0": [-12.5, 0, -37.5]
          }
        },
        "boneT": {
          "rotation": {
            "0.0": [62.5, 0, 0],
            "0.3333": [32.5, 0, 0],
            "1.25": [55.31, 0, 0],
            "1.5": [55.31, 0, 0],
            "1.6667": [97.02, 0, 0],
            "2.4583": [97.02, 0, 0],
            "3.0": [62.5, 0, 0]
          }
        },
        "bone1": {
          "rotation": {
            "0.0": [45, 0, 0],
            "0.3333": [12.5, 0, 0],
            "1.25": [61.17, 0, 0],
            "1.5": [61.17, 0, 0],
            "1.6667": [79.37, 0, 0],
            "2.375": [79.37, 0, 0],
            "3.0": [45, 0, 0]
          }
        },
        "bone2": {
          "rotation": {
            "0.0": [57.5, 0, 0],
            "0.3333": [25, 0, 0],
            "0.5": [17.03, 0, 0],
            "1.25": [71.67, 0, 0],
            "1.5": [71.67, 0, 0],
            "1.6667": [92.6, 0, 0],
            "2.3333": [92.6, 0, 0],
            "3.0": [57.5, 0, 0]
          }
        },
        "bone3": {
          "rotation": {
            "0.0": [42.5, 0, 0],
            "0.3333": [20, 0, 0],
            "0.5": [8.91, 0, 0],
            "1.25": [63.99, 0, 0],
            "1.5": [63.99, 0, 0],
            "1.6667": [99.1, 0, 0],
            "2.4167": [99.1, 0, 0],
            "3.0": [42.5, 0, 0]
          }
        }
      }
    }
  }
}
